Timestamp,Dominant Emotion,Emotion Scores,Intensity Scores,FPS,Efficiency,Alerts
2025-09-02 23:40:25,neutral,"{'angry': np.float32(0.00071210094), 'disgust': np.float32(8.469147e-09), 'fear': np.float32(0.0052187704), 'happy': np.float32(0.071546316), 'sad': np.float32(0.019547734), 'surprise': np.float32(0.04604666), 'neutral': np.float32(99.85693)}","{'angry': np.float32(0.00071210094), 'disgust': np.float32(8.469147e-09), 'fear': np.float32(0.0052187704), 'happy': np.float32(0.071546316), 'sad': np.float32(0.019547734), 'surprise': np.float32(0.04604666), 'neutral': np.float32(99.85693), 'stress': np.float64(0.00576001824811101)}",0.77,2.57,
2025-09-02 23:40:25,neutral,"{'angry': np.float32(1.52049715e-05), 'disgust': np.float32(3.9132735e-13), 'fear': np.float32(8.640564e-05), 'happy': np.float32(0.00094693404), 'sad': np.float32(0.01703304), 'surprise': np.float32(0.0011611277), 'neutral': np.float32(99.98075)}","{'angry': np.float32(1.52049715e-05), 'disgust': np.float32(3.9132735e-13), 'fear': np.float32(8.640564e-05), 'happy': np.float32(0.00094693404), 'sad': np.float32(0.01703304), 'surprise': np.float32(0.0011611277), 'neutral': np.float32(99.98075), 'stress': np.float64(0.0034386119805276394)}",5.96,19.88,
2025-09-02 23:40:25,neutral,"{'angry': np.float32(0.00021389), 'disgust': np.float32(5.5955735e-12), 'fear': np.float32(0.001159031), 'happy': np.float32(4.9282044e-05), 'sad': np.float32(0.034997735), 'surprise': np.float32(0.0007738915), 'neutral': np.float32(99.96281)}","{'angry': np.float32(0.00021389), 'disgust': np.float32(5.5955735e-12), 'fear': np.float32(0.001159031), 'happy': np.float32(4.9282044e-05), 'sad': np.float32(0.034997735), 'surprise': np.float32(0.0007738915), 'neutral': np.float32(99.96281), 'stress': np.float64(0.007432812359184027)}",7.85,26.17,
2025-09-02 23:40:25,neutral,"{'angry': np.float32(4.9175498e-05), 'disgust': np.float32(9.304963e-14), 'fear': np.float32(0.0027529895), 'happy': np.float32(2.002825e-05), 'sad': np.float32(0.061074626), 'surprise': np.float32(0.0032747667), 'neutral': np.float32(99.93282)}","{'angry': np.float32(4.9175498e-05), 'disgust': np.float32(9.304963e-14), 'fear': np.float32(0.0027529895), 'happy': np.float32(2.002825e-05), 'sad': np.float32(0.061074626), 'surprise': np.float32(0.0032747667), 'neutral': np.float32(99.93282), 'stress': np.float64(0.0130604924634099)}",7.9,26.33,
2025-09-02 23:40:26,neutral,"{'angry': np.float32(6.923439e-05), 'disgust': np.float32(1.7462407e-09), 'fear': np.float32(0.008084554), 'happy': np.float32(0.05083819), 'sad': np.float32(0.09652576), 'surprise': np.float32(0.5294752), 'neutral': np.float32(99.315)}","{'angry': np.float32(6.923439e-05), 'disgust': np.float32(1.7462407e-09), 'fear': np.float32(0.008084554), 'happy': np.float32(0.05083819), 'sad': np.float32(0.09652576), 'surprise': np.float32(0.5294752), 'neutral': np.float32(99.315), 'stress': np.float64(0.02175821363925934)}",4.9,16.33,
2025-09-02 23:40:26,neutral,"{'angry': np.float32(0.00073656917), 'disgust': np.float32(2.3868139e-09), 'fear': np.float32(0.0021201312), 'happy': np.float32(0.066438675), 'sad': np.float32(0.05387065), 'surprise': np.float32(0.006416795), 'neutral': np.float32(99.87042)}","{'angry': np.float32(0.00073656917), 'disgust': np.float32(2.3868139e-09), 'fear': np.float32(0.0021201312), 'happy': np.float32(0.066438675), 'sad': np.float32(0.05387065), 'surprise': np.float32(0.006416795), 'neutral': np.float32(99.87042), 'stress': np.float64(0.011704796925187111)}",4.85,16.15,
2025-09-02 23:40:26,neutral,"{'angry': np.float32(3.2022817e-06), 'disgust': np.float32(5.98494e-15), 'fear': np.float32(1.8005752e-05), 'happy': np.float32(8.8468325e-05), 'sad': np.float32(0.0015198615), 'surprise': np.float32(0.0008782762), 'neutral': np.float32(99.99749)}","{'angry': np.float32(3.2022817e-06), 'disgust': np.float32(5.98494e-15), 'fear': np.float32(1.8005752e-05), 'happy': np.float32(8.8468325e-05), 'sad': np.float32(0.0015198615), 'surprise': np.float32(0.0008782762), 'neutral': np.float32(99.99749), 'stress': np.float64(0.00031065495568327606)}",4.65,15.48,
2025-09-02 23:40:26,neutral,"{'angry': np.float32(0.00010503401), 'disgust': np.float32(2.20936e-11), 'fear': np.float32(0.0001162931), 'happy': np.float32(0.0012664126), 'sad': np.float32(0.0077270316), 'surprise': np.float32(0.005093208), 'neutral': np.float32(99.985695)}","{'angry': np.float32(0.00010503401), 'disgust': np.float32(2.20936e-11), 'fear': np.float32(0.0001162931), 'happy': np.float32(0.0012664126), 'sad': np.float32(0.0077270316), 'surprise': np.float32(0.005093208), 'neutral': np.float32(99.985695), 'stress': np.float64(0.001622307812795043)}",5.27,17.57,
2025-09-02 23:40:26,neutral,"{'angry': np.float32(0.0029020722), 'disgust': np.float32(2.6831927e-08), 'fear': np.float32(0.0018570176), 'happy': np.float32(0.0014965137), 'sad': np.float32(0.08077118), 'surprise': np.float32(0.01156815), 'neutral': np.float32(99.90141)}","{'angry': np.float32(0.0029020722), 'disgust': np.float32(2.6831927e-08), 'fear': np.float32(0.0018570176), 'happy': np.float32(0.0014965137), 'sad': np.float32(0.08077118), 'surprise': np.float32(0.01156815), 'neutral': np.float32(99.90141), 'stress': np.float64(0.017872169613838196)}",6.19,20.64,
2025-09-02 23:40:27,angry,"{'angry': np.float32(74.9113), 'disgust': np.float32(8.7309054e-05), 'fear': np.float32(1.3310636), 'happy': np.float32(0.0007020998), 'sad': np.float32(23.366295), 'surprise': np.float32(0.018298365), 'neutral': np.float32(0.37225428)}","{'angry': np.float32(74.9113), 'disgust': np.float32(8.7309054e-05), 'fear': np.float32(1.3310636), 'happy': np.float32(0.0007020998), 'sad': np.float32(23.366295), 'surprise': np.float32(0.018298365), 'neutral': np.float32(0.37225428), 'stress': np.float64(35.0370979309082)}",3.01,10.02,ANGRY ALERT!
2025-09-02 23:40:27,happy,"{'angry': np.float32(0.11019368), 'disgust': np.float32(0.15113735), 'fear': np.float32(0.7596113), 'happy': np.float32(97.91791), 'sad': np.float32(0.30815938), 'surprise': np.float32(0.2572358), 'neutral': np.float32(0.49574426)}","{'angry': np.float32(0.11019368), 'disgust': np.float32(0.15113735), 'fear': np.float32(0.7596113), 'happy': np.float32(97.91791), 'sad': np.float32(0.30815938), 'surprise': np.float32(0.2572358), 'neutral': np.float32(0.49574426), 'stress': np.float64(0.3335927426815033)}",5.75,19.17,
2025-09-02 23:40:27,happy,"{'angry': np.float32(31.754145), 'disgust': np.float32(4.468251e-06), 'fear': np.float32(0.076239616), 'happy': np.float32(44.586384), 'sad': np.float32(1.2958386), 'surprise': np.float32(0.42540586), 'neutral': np.float32(21.861979)}","{'angry': np.float32(31.754145), 'disgust': np.float32(4.468251e-06), 'fear': np.float32(0.076239616), 'happy': np.float32(44.586384), 'sad': np.float32(1.2958386), 'surprise': np.float32(0.42540586), 'neutral': np.float32(21.861979), 'stress': np.float64(12.983697891235352)}",9.01,30.04,
2025-09-02 23:40:27,angry,"{'angry': np.float32(65.55587), 'disgust': np.float32(0.09512627), 'fear': np.float32(4.5207233), 'happy': np.float32(1.3672739), 'sad': np.float32(0.11091274), 'surprise': np.float32(28.100367), 'neutral': np.float32(0.24973701)}","{'angry': np.float32(65.55587), 'disgust': np.float32(0.09512627), 'fear': np.float32(4.5207233), 'happy': np.float32(1.3672739), 'sad': np.float32(0.11091274), 'surprise': np.float32(28.100367), 'neutral': np.float32(0.24973701), 'stress': np.float64(27.60074806213379)}",6.31,21.03,
2025-09-02 23:40:27,neutral,"{'angry': np.float32(11.458756), 'disgust': np.float32(0.1902791), 'fear': np.float32(4.0505996), 'happy': np.float32(28.235775), 'sad': np.float32(7.7796965), 'surprise': np.float32(2.6904461), 'neutral': np.float32(45.594444)}","{'angry': np.float32(11.458756), 'disgust': np.float32(0.1902791), 'fear': np.float32(4.0505996), 'happy': np.float32(28.235775), 'sad': np.float32(7.7796965), 'surprise': np.float32(2.6904461), 'neutral': np.float32(45.594444), 'stress': np.float64(7.354621887207031)}",5.46,18.19,
2025-09-02 23:40:28,angry,"{'angry': np.float32(76.14044), 'disgust': np.float32(8.840235e-06), 'fear': np.float32(0.0034257707), 'happy': np.float32(23.43363), 'sad': np.float32(0.039778747), 'surprise': np.float32(0.00038702204), 'neutral': np.float32(0.38233605)}","{'angry': np.float32(76.14044), 'disgust': np.float32(8.840235e-06), 'fear': np.float32(0.0034257707), 'happy': np.float32(23.43363), 'sad': np.float32(0.039778747), 'surprise': np.float32(0.00038702204), 'neutral': np.float32(0.38233605), 'stress': np.float64(30.465160369873047)}",3.17,10.56,ANGRY ALERT!
2025-09-02 23:40:28,angry,"{'angry': np.float32(66.12582), 'disgust': np.float32(0.31421947), 'fear': np.float32(31.312634), 'happy': np.float32(1.4735061), 'sad': np.float32(0.45263535), 'surprise': np.float32(0.11354514), 'neutral': np.float32(0.20764622)}","{'angry': np.float32(66.12582), 'disgust': np.float32(0.31421947), 'fear': np.float32(31.312634), 'happy': np.float32(1.4735061), 'sad': np.float32(0.45263535), 'surprise': np.float32(0.11354514), 'neutral': np.float32(0.20764622), 'stress': np.float64(35.93464279174805)}",7.16,23.88,
2025-09-02 23:40:28,angry,"{'angry': np.float32(30.063656), 'disgust': np.float32(0.0005248259), 'fear': np.float32(27.986643), 'happy': np.float32(0.10939183), 'sad': np.float32(18.86539), 'surprise': np.float32(0.4765497), 'neutral': np.float32(22.497843)}","{'angry': np.float32(30.063656), 'disgust': np.float32(0.0005248259), 'fear': np.float32(27.986643), 'happy': np.float32(0.10939183), 'sad': np.float32(18.86539), 'surprise': np.float32(0.4765497), 'neutral': np.float32(22.497843), 'stress': np.float64(24.194534301757812)}",6.38,21.26,
2025-09-02 23:40:28,happy,"{'angry': np.float32(22.349918), 'disgust': np.float32(0.0043708016), 'fear': np.float32(2.798669), 'happy': np.float32(61.88221), 'sad': np.float32(6.4911327), 'surprise': np.float32(5.641526), 'neutral': np.float32(0.8321651)}","{'angry': np.float32(22.349918), 'disgust': np.float32(0.0043708016), 'fear': np.float32(2.798669), 'happy': np.float32(61.88221), 'sad': np.float32(6.4911327), 'surprise': np.float32(5.641526), 'neutral': np.float32(0.8321651), 'stress': np.float64(11.077794075012207)}",7.71,25.71,
2025-09-02 23:40:28,surprise,"{'angry': np.float32(0.0815817), 'disgust': np.float32(1.266647e-05), 'fear': np.float32(1.3012317), 'happy': np.float32(1.9715749), 'sad': np.float32(0.061804608), 'surprise': np.float32(74.779205), 'neutral': np.float32(21.804596)}","{'angry': np.float32(0.0815817), 'disgust': np.float32(1.266647e-05), 'fear': np.float32(1.3012317), 'happy': np.float32(1.9715749), 'sad': np.float32(0.061804608), 'surprise': np.float32(74.779205), 'neutral': np.float32(21.804596), 'stress': np.float64(0.43536314368247986)}",7.06,23.52,
2025-09-02 23:40:29,neutral,"{'angry': np.float32(0.0017567743), 'disgust': np.float32(9.543036e-09), 'fear': np.float32(0.07996903), 'happy': np.float32(34.369614), 'sad': np.float32(0.017481618), 'surprise': np.float32(9.42483), 'neutral': np.float32(56.106346)}","{'angry': np.float32(0.0017567743), 'disgust': np.float32(9.543036e-09), 'fear': np.float32(0.07996903), 'happy': np.float32(34.369614), 'sad': np.float32(0.017481618), 'surprise': np.float32(9.42483), 'neutral': np.float32(56.106346), 'stress': np.float64(0.02818974293768406)}",8.25,27.5,
2025-09-02 23:40:29,neutral,"{'angry': np.float32(0.002955102), 'disgust': np.float32(3.6977998e-09), 'fear': np.float32(0.003241019), 'happy': np.float32(0.08561282), 'sad': np.float32(0.012937275), 'surprise': np.float32(0.0777716), 'neutral': np.float32(99.81749)}","{'angry': np.float32(0.002955102), 'disgust': np.float32(3.6977998e-09), 'fear': np.float32(0.003241019), 'happy': np.float32(0.08561282), 'sad': np.float32(0.012937275), 'surprise': np.float32(0.0777716), 'neutral': np.float32(99.81749), 'stress': np.float64(0.004741801880300045)}",7.96,26.54,
2025-09-02 23:40:29,neutral,"{'angry': np.float32(0.26093423), 'disgust': np.float32(0.00022673958), 'fear': np.float32(0.48502603), 'happy': np.float32(0.782837), 'sad': np.float32(4.385131), 'surprise': np.float32(1.7575752), 'neutral': np.float32(92.32828)}","{'angry': np.float32(0.26093423), 'disgust': np.float32(0.00022673958), 'fear': np.float32(0.48502603), 'happy': np.float32(0.782837), 'sad': np.float32(4.385131), 'surprise': np.float32(1.7575752), 'neutral': np.float32(92.32828), 'stress': np.float64(1.1269077062606812)}",8.08,26.93,
2025-09-02 23:40:29,neutral,"{'angry': np.float32(0.006640333), 'disgust': np.float32(1.4931681e-09), 'fear': np.float32(0.040606473), 'happy': np.float32(0.00059256604), 'sad': np.float32(0.039321747), 'surprise': np.float32(0.17017518), 'neutral': np.float32(99.74267)}","{'angry': np.float32(0.006640333), 'disgust': np.float32(1.4931681e-09), 'fear': np.float32(0.040606473), 'happy': np.float32(0.00059256604), 'sad': np.float32(0.039321747), 'surprise': np.float32(0.17017518), 'neutral': np.float32(99.74267), 'stress': np.float64(0.022702425718307495)}",6.42,21.39,
2025-09-02 23:40:29,neutral,"{'angry': np.float32(0.011325294), 'disgust': np.float32(2.2965837e-06), 'fear': np.float32(0.26627088), 'happy': np.float32(0.5071987), 'sad': np.float32(0.06292884), 'surprise': np.float32(4.892383), 'neutral': np.float32(94.259895)}","{'angry': np.float32(0.011325294), 'disgust': np.float32(2.2965837e-06), 'fear': np.float32(0.26627088), 'happy': np.float32(0.5071987), 'sad': np.float32(0.06292884), 'surprise': np.float32(4.892383), 'neutral': np.float32(94.259895), 'stress': np.float64(0.09699714928865433)}",5.79,19.3,
2025-09-02 23:40:29,neutral,"{'angry': np.float32(0.0015903176), 'disgust': np.float32(6.7341693e-06), 'fear': np.float32(0.090742685), 'happy': np.float32(7.8380723), 'sad': np.float32(0.123691425), 'surprise': np.float32(1.1407422), 'neutral': np.float32(90.80515)}","{'angry': np.float32(0.0015903176), 'disgust': np.float32(6.7341693e-06), 'fear': np.float32(0.090742685), 'happy': np.float32(7.8380723), 'sad': np.float32(0.123691425), 'surprise': np.float32(1.1407422), 'neutral': np.float32(90.80515), 'stress': np.float64(0.05259721726179123)}",6.13,20.42,
2025-09-02 23:40:30,neutral,"{'angry': np.float32(0.09408368), 'disgust': np.float32(4.7414655e-05), 'fear': np.float32(0.77797455), 'happy': np.float32(0.8001602), 'sad': np.float32(0.32475218), 'surprise': np.float32(5.503978), 'neutral': np.float32(92.49901)}","{'angry': np.float32(0.09408368), 'disgust': np.float32(4.7414655e-05), 'fear': np.float32(0.77797455), 'happy': np.float32(0.8001602), 'sad': np.float32(0.32475218), 'surprise': np.float32(5.503978), 'neutral': np.float32(92.49901), 'stress': np.float64(0.3359762728214264)}",6.19,20.64,
2025-09-02 23:40:30,neutral,"{'angry': np.float32(0.027045915), 'disgust': np.float32(2.7532776e-06), 'fear': np.float32(0.09105811), 'happy': np.float32(10.914277), 'sad': np.float32(0.042602487), 'surprise': np.float32(6.383918), 'neutral': np.float32(82.5411)}","{'angry': np.float32(0.027045915), 'disgust': np.float32(2.7532776e-06), 'fear': np.float32(0.09105811), 'happy': np.float32(10.914277), 'sad': np.float32(0.042602487), 'surprise': np.float32(6.383918), 'neutral': np.float32(82.5411), 'stress': np.float64(0.046656299382448196)}",8.04,26.8,
2025-09-02 23:40:30,neutral,"{'angry': np.float32(0.09166018), 'disgust': np.float32(8.193653e-08), 'fear': np.float32(0.10189583), 'happy': np.float32(0.020978201), 'sad': np.float32(0.13190226), 'surprise': np.float32(6.205328), 'neutral': np.float32(93.448235)}","{'angry': np.float32(0.09166018), 'disgust': np.float32(8.193653e-08), 'fear': np.float32(0.10189583), 'happy': np.float32(0.020978201), 'sad': np.float32(0.13190226), 'surprise': np.float32(6.205328), 'neutral': np.float32(93.448235), 'stress': np.float64(0.09361328184604645)}",7.95,26.5,
2025-09-02 23:40:30,neutral,"{'angry': np.float32(6.5614034e-07), 'disgust': np.float32(1.965231e-18), 'fear': np.float32(8.858718e-07), 'happy': np.float32(8.424628e-06), 'sad': np.float32(5.1037096e-05), 'surprise': np.float32(0.0076875375), 'neutral': np.float32(99.99225)}","{'angry': np.float32(6.5614034e-07), 'disgust': np.float32(1.965231e-18), 'fear': np.float32(8.858718e-07), 'happy': np.float32(8.424628e-06), 'sad': np.float32(5.1037096e-05), 'surprise': np.float32(0.0076875375), 'neutral': np.float32(99.99225), 'stress': np.float64(1.073563726095017e-05)}",6.29,20.97,
2025-09-02 23:40:30,neutral,"{'angry': np.float32(1.0935928), 'disgust': np.float32(1.129807e-05), 'fear': np.float32(4.9992557), 'happy': np.float32(0.020837374), 'sad': np.float32(25.252783), 'surprise': np.float32(0.012336287), 'neutral': np.float32(68.62119)}","{'angry': np.float32(1.0935928), 'disgust': np.float32(1.129807e-05), 'fear': np.float32(4.9992557), 'happy': np.float32(0.020837374), 'sad': np.float32(25.252783), 'surprise': np.float32(0.012336287), 'neutral': np.float32(68.62119), 'stress': np.float64(6.9877705574035645)}",6.32,21.06,
2025-09-02 23:40:30,neutral,"{'angry': np.float32(0.00020291474), 'disgust': np.float32(2.2043383e-11), 'fear': np.float32(0.027938962), 'happy': np.float32(0.026910948), 'sad': np.float32(0.04402707), 'surprise': np.float32(0.032437906), 'neutral': np.float32(99.868484)}","{'angry': np.float32(0.00020291474), 'disgust': np.float32(2.2043383e-11), 'fear': np.float32(0.027938962), 'happy': np.float32(0.026910948), 'sad': np.float32(0.04402707), 'surprise': np.float32(0.032437906), 'neutral': np.float32(99.868484), 'stress': np.float64(0.017268270254135132)}",5.67,18.89,
2025-09-02 23:40:30,neutral,"{'angry': np.float32(0.08104359), 'disgust': np.float32(7.0165186e-07), 'fear': np.float32(1.7850429), 'happy': np.float32(0.048425473), 'sad': np.float32(0.8498141), 'surprise': np.float32(3.0488484), 'neutral': np.float32(94.18682)}","{'angry': np.float32(0.08104359), 'disgust': np.float32(7.0165186e-07), 'fear': np.float32(1.7850429), 'happy': np.float32(0.048425473), 'sad': np.float32(0.8498141), 'surprise': np.float32(3.0488484), 'neutral': np.float32(94.18682), 'stress': np.float64(0.7378931045532227)}",7.71,25.72,
2025-09-02 23:40:31,neutral,"{'angry': np.float32(0.0012532533), 'disgust': np.float32(3.2213873e-14), 'fear': np.float32(0.00032448577), 'happy': np.float32(0.2133016), 'sad': np.float32(0.0029538951), 'surprise': np.float32(0.58145326), 'neutral': np.float32(99.200714)}","{'angry': np.float32(0.0012532533), 'disgust': np.float32(3.2213873e-14), 'fear': np.float32(0.00032448577), 'happy': np.float32(0.2133016), 'sad': np.float32(0.0029538951), 'surprise': np.float32(0.58145326), 'neutral': np.float32(99.200714), 'stress': np.float64(0.001189426053315401)}",7.86,26.21,
2025-09-02 23:40:31,neutral,"{'angry': np.float32(1.4871558e-05), 'disgust': np.float32(4.204901e-12), 'fear': np.float32(0.00011398684), 'happy': np.float32(0.5236145), 'sad': np.float32(0.00041646446), 'surprise': np.float32(0.14580269), 'neutral': np.float32(99.33004)}","{'angry': np.float32(1.4871558e-05), 'disgust': np.float32(4.204901e-12), 'fear': np.float32(0.00011398684), 'happy': np.float32(0.5236145), 'sad': np.float32(0.00041646446), 'surprise': np.float32(0.14580269), 'neutral': np.float32(99.33004), 'stress': np.float64(0.00012343756679911166)}",7.0,23.35,
2025-09-02 23:40:31,neutral,"{'angry': np.float32(2.3235905e-06), 'disgust': np.float32(8.0994005e-17), 'fear': np.float32(1.0599755e-05), 'happy': np.float32(0.000103435785), 'sad': np.float32(0.0013549745), 'surprise': np.float32(0.0016858008), 'neutral': np.float32(99.99684)}","{'angry': np.float32(2.3235905e-06), 'disgust': np.float32(8.0994005e-17), 'fear': np.float32(1.0599755e-05), 'happy': np.float32(0.000103435785), 'sad': np.float32(0.0013549745), 'surprise': np.float32(0.0016858008), 'neutral': np.float32(99.99684), 'stress': np.float64(0.00027510427753441036)}",6.12,20.42,
2025-09-02 23:40:31,neutral,"{'angry': np.float32(1.353937e-05), 'disgust': np.float32(8.591378e-12), 'fear': np.float32(0.0057240506), 'happy': np.float32(0.16422929), 'sad': np.float32(0.004150079), 'surprise': np.float32(1.8810205), 'neutral': np.float32(97.94486)}","{'angry': np.float32(1.353937e-05), 'disgust': np.float32(8.591378e-12), 'fear': np.float32(0.0057240506), 'happy': np.float32(0.16422929), 'sad': np.float32(0.004150079), 'surprise': np.float32(1.8810205), 'neutral': np.float32(97.94486), 'stress': np.float64(0.0025526469107717276)}",5.28,17.58,
2025-09-02 23:40:31,neutral,"{'angry': np.float32(9.666122e-07), 'disgust': np.float32(8.796385e-19), 'fear': np.float32(1.8128471e-06), 'happy': np.float32(9.600361e-07), 'sad': np.float32(0.00030059484), 'surprise': np.float32(1.0203759e-05), 'neutral': np.float32(99.99969)}","{'angry': np.float32(9.666122e-07), 'disgust': np.float32(8.796385e-19), 'fear': np.float32(1.8128471e-06), 'happy': np.float32(9.600361e-07), 'sad': np.float32(0.00030059484), 'surprise': np.float32(1.0203759e-05), 'neutral': np.float32(99.99969), 'stress': np.float64(6.10494680586271e-05)}",6.14,20.46,
2025-09-02 23:40:31,neutral,"{'angry': np.float32(1.2785346e-06), 'disgust': np.float32(1.2800586e-15), 'fear': np.float32(0.0002319297), 'happy': np.float32(0.0007015992), 'sad': np.float32(0.0008059415), 'surprise': np.float32(0.021083232), 'neutral': np.float32(99.97718)}","{'angry': np.float32(1.2785346e-06), 'disgust': np.float32(1.2800586e-15), 'fear': np.float32(0.0002319297), 'happy': np.float32(0.0007015992), 'sad': np.float32(0.0008059415), 'surprise': np.float32(0.021083232), 'neutral': np.float32(99.97718), 'stress': np.float64(0.0002312786236871034)}",7.72,25.73,
2025-09-02 23:40:32,neutral,"{'angry': np.float32(1.531188e-05), 'disgust': np.float32(4.3514004e-14), 'fear': np.float32(0.00040014606), 'happy': np.float32(0.0006781244), 'sad': np.float32(0.012529133), 'surprise': np.float32(0.012217158), 'neutral': np.float32(99.97417)}","{'angry': np.float32(1.531188e-05), 'disgust': np.float32(4.3514004e-14), 'fear': np.float32(0.00040014606), 'happy': np.float32(0.0006781244), 'sad': np.float32(0.012529133), 'surprise': np.float32(0.012217158), 'neutral': np.float32(99.97417), 'stress': np.float64(0.002631995128467679)}",5.67,18.9,
2025-09-02 23:40:32,neutral,"{'angry': np.float32(0.04697846), 'disgust': np.float32(1.3571884e-10), 'fear': np.float32(0.07272677), 'happy': np.float32(0.05450225), 'sad': np.float32(0.8994185), 'surprise': np.float32(0.018491134), 'neutral': np.float32(98.90788)}","{'angry': np.float32(0.04697846), 'disgust': np.float32(1.3571884e-10), 'fear': np.float32(0.07272677), 'happy': np.float32(0.05450225), 'sad': np.float32(0.8994185), 'surprise': np.float32(0.018491134), 'neutral': np.float32(98.90788), 'stress': np.float64(0.2204931229352951)}",5.77,19.24,
2025-09-02 23:40:32,neutral,"{'angry': np.float32(1.9664081e-05), 'disgust': np.float32(6.148095e-09), 'fear': np.float32(0.03545823), 'happy': np.float32(0.004424685), 'sad': np.float32(0.0037170746), 'surprise': np.float32(0.0041622757), 'neutral': np.float32(99.952225)}","{'angry': np.float32(1.9664081e-05), 'disgust': np.float32(6.148095e-09), 'fear': np.float32(0.03545823), 'happy': np.float32(0.004424685), 'sad': np.float32(0.0037170746), 'surprise': np.float32(0.0041622757), 'neutral': np.float32(99.952225), 'stress': np.float64(0.011388750746846199)}",5.66,18.85,
2025-09-02 23:40:32,neutral,"{'angry': np.float32(0.07991049), 'disgust': np.float32(5.307018e-06), 'fear': np.float32(3.4652643), 'happy': np.float32(2.2931452), 'sad': np.float32(0.84193516), 'surprise': np.float32(9.482535), 'neutral': np.float32(83.83721)}","{'angry': np.float32(0.07991049), 'disgust': np.float32(5.307018e-06), 'fear': np.float32(3.4652643), 'happy': np.float32(2.2931452), 'sad': np.float32(0.84193516), 'surprise': np.float32(9.482535), 'neutral': np.float32(83.83721), 'stress': np.float64(1.2399306297302246)}",5.7,19.02,
2025-09-02 23:40:32,neutral,"{'angry': np.float32(0.009769603), 'disgust': np.float32(1.9661853e-08), 'fear': np.float32(0.2004966), 'happy': np.float32(0.0048250817), 'sad': np.float32(1.3091288), 'surprise': np.float32(0.013129698), 'neutral': np.float32(98.462654)}","{'angry': np.float32(0.009769603), 'disgust': np.float32(1.9661853e-08), 'fear': np.float32(0.2004966), 'happy': np.float32(0.0048250817), 'sad': np.float32(1.3091288), 'surprise': np.float32(0.013129698), 'neutral': np.float32(98.462654), 'stress': np.float64(0.32588258385658264)}",10.44,34.8,
2025-09-02 23:40:32,neutral,"{'angry': np.float32(0.49997625), 'disgust': np.float32(9.607898e-06), 'fear': np.float32(0.20454128), 'happy': np.float32(0.302076), 'sad': np.float32(0.4387938), 'surprise': np.float32(0.3407846), 'neutral': np.float32(98.21381)}","{'angry': np.float32(0.49997625), 'disgust': np.float32(9.607898e-06), 'fear': np.float32(0.20454128), 'happy': np.float32(0.302076), 'sad': np.float32(0.4387938), 'surprise': np.float32(0.3407846), 'neutral': np.float32(98.21381), 'stress': np.float64(0.3491116762161255)}",7.7,25.67,
2025-09-02 23:40:33,neutral,"{'angry': np.float32(0.17708373), 'disgust': np.float32(3.2420126e-06), 'fear': np.float32(0.38248134), 'happy': np.float32(0.0004505294), 'sad': np.float32(2.9950643), 'surprise': np.float32(0.00092472427), 'neutral': np.float32(96.44399)}","{'angry': np.float32(0.17708373), 'disgust': np.float32(3.2420126e-06), 'fear': np.float32(0.38248134), 'happy': np.float32(0.0004505294), 'sad': np.float32(2.9950643), 'surprise': np.float32(0.00092472427), 'neutral': np.float32(96.44399), 'stress': np.float64(0.7845907211303711)}",7.72,25.73,
2025-09-02 23:40:33,neutral,"{'angry': np.float32(0.11800201), 'disgust': np.float32(1.0205903e-05), 'fear': np.float32(0.031394206), 'happy': np.float32(0.013885622), 'sad': np.float32(0.30801183), 'surprise': np.float32(0.22160982), 'neutral': np.float32(99.30709)}","{'angry': np.float32(0.11800201), 'disgust': np.float32(1.0205903e-05), 'fear': np.float32(0.031394206), 'happy': np.float32(0.013885622), 'sad': np.float32(0.30801183), 'surprise': np.float32(0.22160982), 'neutral': np.float32(99.30709), 'stress': np.float64(0.11822143197059631)}",5.76,19.19,
2025-09-02 23:40:33,neutral,"{'angry': np.float32(1.0275156), 'disgust': np.float32(0.00021321257), 'fear': np.float32(0.17195763), 'happy': np.float32(1.0891123), 'sad': np.float32(0.52370495), 'surprise': np.float32(5.6317415), 'neutral': np.float32(91.555756)}","{'angry': np.float32(1.0275156), 'disgust': np.float32(0.00021321257), 'fear': np.float32(0.17195763), 'happy': np.float32(1.0891123), 'sad': np.float32(0.52370495), 'surprise': np.float32(5.6317415), 'neutral': np.float32(91.555756), 'stress': np.float64(0.5673345327377319)}",6.33,21.1,
2025-09-02 23:40:33,neutral,"{'angry': np.float32(6.3619204), 'disgust': np.float32(4.893149e-06), 'fear': np.float32(2.2139878), 'happy': np.float32(0.016842786), 'sad': np.float32(0.39174417), 'surprise': np.float32(8.532998), 'neutral': np.float32(82.4825)}","{'angry': np.float32(6.3619204), 'disgust': np.float32(4.893149e-06), 'fear': np.float32(2.2139878), 'happy': np.float32(0.016842786), 'sad': np.float32(0.39174417), 'surprise': np.float32(8.532998), 'neutral': np.float32(82.4825), 'stress': np.float64(3.287313222885132)}",5.68,18.92,
2025-09-02 23:40:33,neutral,"{'angry': np.float32(0.047927275), 'disgust': np.float32(2.6455726e-07), 'fear': np.float32(0.28631353), 'happy': np.float32(0.03099675), 'sad': np.float32(1.809347), 'surprise': np.float32(0.11031669), 'neutral': np.float32(97.7151)}","{'angry': np.float32(0.047927275), 'disgust': np.float32(2.6455726e-07), 'fear': np.float32(0.28631353), 'happy': np.float32(0.03099675), 'sad': np.float32(1.809347), 'surprise': np.float32(0.11031669), 'neutral': np.float32(97.7151), 'stress': np.float64(0.4669343829154968)}",5.59,18.64,
2025-09-02 23:40:34,neutral,"{'angry': np.float32(0.0018043017), 'disgust': np.float32(1.1350458e-08), 'fear': np.float32(0.017825222), 'happy': np.float32(0.87425745), 'sad': np.float32(0.0875433), 'surprise': np.float32(0.14235047), 'neutral': np.float32(98.87621)}","{'angry': np.float32(0.0018043017), 'disgust': np.float32(1.1350458e-08), 'fear': np.float32(0.017825222), 'happy': np.float32(0.87425745), 'sad': np.float32(0.0875433), 'surprise': np.float32(0.14235047), 'neutral': np.float32(98.87621), 'stress': np.float64(0.023577949032187462)}",6.36,21.19,
